Commodity,Date,Average,Festival,Season,Month,Sales
Apple(Fuji),2021-01-01,290.0,0,0,1,1536.9999379662943
Apple(Fuji),2021-01-02,290.0,0,0,1,844.0028239361877
Apple(Fuji),2021-01-03,290.0,0,0,1,1686.1381117650494
Apple(Fuji),2021-01-04,290.0,0,0,1,869.6224299345852
Apple(Fuji),2021-01-05,285.0,0,0,1,1800.1897213959392
Apple(Fuji),2021-01-06,295.0,0,0,1,1493.7989503174201
Apple(Fuji),2021-01-07,295.0,0,0,1,1356.835519043521
Apple(Fuji),2021-01-08,295.0,0,0,1,2133.3043944581377
Apple(Fuji),2021-01-09,290.0,0,0,1,1392.2250346262865
Apple(Fuji),2021-01-10,290.0,0,0,1,1387.7307613588623
Apple(Fuji),2021-01-11,290.0,0,0,1,1862.79696477311
Apple(Fuji),2021-01-12,290.0,0,0,1,1576.5537409251383
Apple(Fuji),2021-01-13,290.0,0,0,1,2366.331999632609
Apple(Fuji),2021-01-14,290.0,0,0,1,879.7843304215344
Apple(Fuji),2021-01-15,290.0,0,0,1,750.621554587608
Apple(Fuji),2021-01-16,290.0,0,0,1,1803.9717531063388
Apple(Fuji),2021-01-17,290.0,0,0,1,633.8004024935346
Apple(Fuji),2021-01-18,290.0,0,0,1,1734.0067646149878
Apple(Fuji),2021-01-19,290.0,0,0,1,2723.0652038600224
Apple(Fuji),2021-01-20,290.0,0,0,1,1011.8276785404033
Apple(Fuji),2021-01-21,290.0,0,0,1,1421.3242559253133
Apple(Fuji),2021-01-22,290.0,0,0,1,813.9447599606527
Apple(Fuji),2021-01-23,290.0,0,0,1,1748.5014173809107
Apple(Fuji),2021-01-24,290.0,0,0,1,1873.14856856744
Apple(Fuji),2021-01-25,290.0,0,0,1,1085.0075881720302
Apple(Fuji),2021-01-26,290.0,0,0,1,1460.5847447324013
Apple(Fuji),2021-01-27,290.0,0,0,1,488.89331526053223
Apple(Fuji),2021-01-28,290.0,0,0,1,1006.4991311418543
Apple(Fuji),2021-01-29,290.0,0,0,1,1270.2484585291393
Apple(Fuji),2021-01-30,290.0,0,0,1,1663.025441758819
Apple(Fuji),2021-01-31,290.0,0,0,1,884.2429369442556
Apple(Fuji),2021-02-01,290.0,0,0,2,2363.354369936562
Apple(Fuji),2021-02-02,290.0,0,0,2,2908.9016086178394
Apple(Fuji),2021-02-03,290.0,0,0,2,1098.3926352248627
Apple(Fuji),2021-02-04,270.0,0,0,2,1099.7808586093554
Apple(Fuji),2021-02-05,290.0,0,0,2,1976.059994605853
Apple(Fuji),2021-02-06,290.0,0,0,2,1659.5266362991888
Apple(Fuji),2021-02-07,290.0,0,0,2,1129.9678139523448
Apple(Fuji),2021-02-08,275.0,0,0,2,1585.279647397816
Apple(Fuji),2021-02-09,265.0,0,0,2,946.6208788486115
Apple(Fuji),2021-02-10,265.0,0,0,2,804.3096605836972
Apple(Fuji),2021-02-11,275.0,0,0,2,1757.768591285933
Apple(Fuji),2021-02-12,265.0,0,0,2,1605.5301465936354
Apple(Fuji),2021-02-13,265.0,0,0,2,1318.8252766858113
Apple(Fuji),2021-02-14,295.0,0,0,2,2548.7450980542385
Apple(Fuji),2021-02-15,260.0,0,0,2,1580.6894251526483
Apple(Fuji),2021-02-16,265.0,0,0,2,1451.9594150697187
Apple(Fuji),2021-02-17,275.0,0,0,2,1862.12320488357
Apple(Fuji),2021-02-18,290.0,0,0,2,1830.3993726445235
Apple(Fuji),2021-02-19,290.0,0,0,2,2194.045559538289
Apple(Fuji),2021-02-20,265.0,0,0,2,1597.4667517160963
Apple(Fuji),2021-02-21,265.0,0,0,2,1790.8913955008168
Apple(Fuji),2021-02-22,265.0,0,0,2,1180.0368430546166
Apple(Fuji),2021-02-23,275.0,0,0,2,1641.7086470364256
Apple(Fuji),2021-02-24,265.0,0,0,2,1155.273612941655
Apple(Fuji),2021-02-25,255.0,0,0,2,1387.8753361714837
Apple(Fuji),2021-02-26,260.0,0,0,2,783.0983021531006
Apple(Fuji),2021-02-27,260.0,0,0,2,786.0078563034431
Apple(Fuji),2021-02-28,265.0,0,0,2,1599.5254839823913
Apple(Fuji),2021-03-01,255.0,0,0,3,2284.288368300722
Apple(Fuji),2021-03-02,265.0,0,0,3,2206.1936483633463
Apple(Fuji),2021-03-03,255.0,0,0,3,1013.2686619053796
Apple(Fuji),2021-03-05,265.0,0,0,3,904.9836774365956
Apple(Fuji),2021-03-06,260.0,0,0,3,2657.0366946096538
Apple(Fuji),2021-03-07,260.0,0,0,3,1698.8410808103174
Apple(Fuji),2021-03-08,255.0,0,0,3,1263.1685777226894
Apple(Fuji),2021-03-09,255.0,0,0,3,1582.0932346269017
Apple(Fuji),2021-03-10,255.0,0,0,3,1734.5468098100869
Apple(Fuji),2021-03-11,255.0,0,0,3,1342.211908123077
Apple(Fuji),2021-03-12,255.0,0,0,3,1377.6751872148088
Apple(Fuji),2021-03-13,255.0,0,0,3,1343.8221336023146
Apple(Fuji),2021-03-14,255.0,0,0,3,1805.750639709104
Apple(Fuji),2021-03-15,255.0,0,0,3,2281.4661782539847
Apple(Fuji),2021-03-16,255.0,0,0,3,1733.8223572526897
Apple(Fuji),2021-03-17,255.0,0,0,3,1362.6730591862997
Apple(Fuji),2021-03-18,255.0,0,0,3,1274.4205802885622
Apple(Fuji),2021-03-19,255.0,0,0,3,796.3045433643653
Apple(Fuji),2021-03-20,255.0,0,0,3,1678.2217733320515
Apple(Fuji),2021-03-21,255.0,0,0,3,1029.3814492927022
Apple(Fuji),2021-03-22,255.0,0,0,3,1080.7279874168619
Apple(Fuji),2021-03-23,255.0,0,0,3,2661.912183634766
Apple(Fuji),2021-03-24,255.0,0,0,3,623.7152436533229
Apple(Fuji),2021-03-25,255.0,0,0,3,3493.9335981007334
Apple(Fuji),2021-03-26,255.0,0,0,3,785.551833404719
Apple(Fuji),2021-03-27,255.0,0,0,3,2798.4066408666076
Apple(Fuji),2021-03-28,260.0,0,0,3,2926.1753979015834
Apple(Fuji),2021-03-29,255.0,0,0,3,1963.2314159799273
Apple(Fuji),2021-03-30,255.0,0,0,3,2303.8813721676042
Apple(Fuji),2021-03-31,255.0,0,0,3,1357.0286037689298
Apple(Fuji),2021-04-01,275.0,0,0,4,1749.3317403546928
Apple(Fuji),2021-04-02,275.0,0,0,4,1891.7594206036665
Apple(Fuji),2021-04-03,275.0,0,0,4,2076.8948854274504
Apple(Fuji),2021-04-04,290.0,0,0,4,1974.7696312901753
Apple(Fuji),2021-04-05,275.0,0,0,4,1819.2874309396088
Apple(Fuji),2021-04-06,275.0,0,0,4,2231.261747301448
Apple(Fuji),2021-04-07,255.0,0,0,4,2537.663611582453
Apple(Fuji),2021-04-08,275.0,0,0,4,1274.5444567091647
Apple(Fuji),2021-04-09,265.0,0,0,4,926.3728704343374
Apple(Fuji),2021-04-10,275.0,0,0,4,2180.947177229541
Apple(Fuji),2021-04-11,255.0,0,0,4,1849.0596618232894
Apple(Fuji),2021-04-12,275.0,0,0,4,2407.992104030464
Apple(Fuji),2021-04-13,255.0,0,0,4,2526.495144021954
Apple(Fuji),2021-04-14,275.0,0,0,4,930.4628746237486
Apple(Fuji),2021-04-15,265.0,0,0,4,2102.3626160830704
Apple(Fuji),2021-04-16,275.0,0,0,4,3156.3633147064434
Apple(Fuji),2021-04-17,275.0,0,0,4,1469.8657822696864
Apple(Fuji),2021-04-18,290.0,0,0,4,1425.021027366428
Apple(Fuji),2021-04-19,275.0,0,0,4,4081.320870283623
Apple(Fuji),2021-04-20,255.0,0,0,4,1307.979416703698
Apple(Fuji),2021-04-21,255.0,0,0,4,1624.6032094612683
Apple(Fuji),2021-04-22,275.0,0,0,4,2011.2170006653766
Apple(Fuji),2021-04-23,275.0,0,0,4,1491.6684027926951
Apple(Fuji),2021-04-24,275.0,0,0,4,2243.355548431036
Apple(Fuji),2021-04-25,275.0,0,0,4,1925.1415272376541
Apple(Fuji),2021-04-26,265.0,0,0,4,1597.9777811172903
Apple(Fuji),2021-04-27,255.0,0,0,4,3236.857050220657
Apple(Fuji),2021-04-28,290.0,0,0,4,2169.3643169972056
Apple(Fuji),2021-04-29,290.0,0,0,4,3255.9326987458367
Apple(Fuji),2021-04-30,290.0,0,0,4,2632.515005745627
Apple(Fuji),2021-05-01,290.0,0,0,5,2305.487061758684
Apple(Fuji),2021-05-02,290.0,0,0,5,2687.278440157831
Apple(Fuji),2021-05-03,290.0,0,0,5,1212.2477331301432
Apple(Fuji),2021-05-04,290.0,0,0,5,1809.6160950544104
Apple(Fuji),2021-05-05,290.0,0,0,5,2762.665164144451
Apple(Fuji),2021-05-06,290.0,0,0,5,2121.3060613078956
Apple(Fuji),2021-05-07,290.0,0,0,5,4863.622568069104
Apple(Fuji),2021-05-09,255.0,0,0,5,1308.958643263036
Apple(Fuji),2021-05-10,270.0,0,0,5,1774.4404007309101
Apple(Fuji),2021-05-11,265.0,0,0,5,2001.014408428988
Apple(Fuji),2021-05-13,260.0,0,0,5,1412.006087206592
Apple(Fuji),2021-01-05,285.0,0,0,1,701.1521304974206
Apple(Fuji),2021-01-06,295.0,0,0,1,1103.5775731449894
Apple(Fuji),2021-01-07,295.0,0,0,1,1015.6340331374818
Apple(Fuji),2021-01-08,295.0,0,0,1,1939.381034340442
Apple(Fuji),2021-01-09,290.0,0,0,1,1731.2127115974
Apple(Fuji),2021-01-10,290.0,0,0,1,2251.3331860372136
Apple(Fuji),2021-01-11,290.0,0,0,1,1634.3355787581363
Apple(Fuji),2021-01-12,290.0,0,0,1,1155.1947582668781
Apple(Fuji),2021-01-13,290.0,0,0,1,850.1021677887412
Apple(Fuji),2021-01-14,290.0,0,0,1,2106.869785161059
Apple(Fuji),2021-01-15,290.0,0,0,1,2479.5140266429858
Apple(Fuji),2021-01-16,290.0,0,0,1,1135.7036912174194
Apple(Fuji),2021-01-17,290.0,0,0,1,1673.273569017271
Apple(Fuji),2021-01-18,290.0,0,0,1,1052.4880708508283
Apple(Fuji),2021-01-19,290.0,0,0,1,736.5598955709683
Apple(Fuji),2021-01-20,290.0,0,0,1,1763.585083637349
Apple(Fuji),2021-01-21,290.0,0,0,1,1688.197223407408
Apple(Fuji),2021-01-22,290.0,0,0,1,971.0869855499659
Apple(Fuji),2021-01-23,290.0,0,0,1,1491.886870171232
Apple(Fuji),2021-01-24,290.0,0,0,1,1819.4116891548636
Apple(Fuji),2021-01-25,290.0,0,0,1,1637.2695891883877
Apple(Fuji),2021-01-26,290.0,0,0,1,1225.5254613685038
Apple(Fuji),2021-01-27,290.0,0,0,1,1417.5960492906513
Apple(Fuji),2021-01-28,290.0,0,0,1,1377.9075446231113
Apple(Fuji),2021-01-29,290.0,0,0,1,893.1194399842326
Apple(Fuji),2021-01-30,290.0,0,0,1,2359.261808070473
Apple(Fuji),2021-01-31,290.0,0,0,1,1363.7541220485207
Apple(Fuji),2021-02-01,290.0,0,0,2,1528.348886981678
Apple(Fuji),2021-02-02,290.0,0,0,2,1741.8056936527462
Apple(Fuji),2021-02-03,290.0,0,0,2,913.2087009440181
Apple(Fuji),2021-02-04,270.0,0,0,2,1488.9349898478497
Apple(Fuji),2021-02-05,290.0,0,0,2,2060.2980161102078
Apple(Fuji),2021-02-06,290.0,0,0,2,2905.0923249576144
Apple(Fuji),2021-02-07,290.0,0,0,2,1377.5395919311675
Apple(Fuji),2021-02-08,275.0,0,0,2,963.7202241397555
Apple(Fuji),2021-02-09,265.0,0,0,2,855.5400366277969
Apple(Fuji),2021-02-10,265.0,0,0,2,2683.2476350180095
Apple(Fuji),2021-02-11,275.0,0,0,2,1006.3228851329135
Apple(Fuji),2021-02-12,265.0,0,0,2,1620.7061443305618
Apple(Fuji),2021-02-13,265.0,0,0,2,796.7167438692823
Apple(Fuji),2021-02-14,295.0,0,0,2,2320.9115634243276
Apple(Fuji),2021-02-15,260.0,0,0,2,1153.907929401007
Apple(Fuji),2021-02-16,265.0,0,0,2,1238.4311929361274
Apple(Fuji),2021-02-17,275.0,0,0,2,1325.073625751498
Apple(Fuji),2021-02-18,290.0,0,0,2,1250.203539965326
Apple(Fuji),2021-02-19,290.0,0,0,2,1702.6468978793255
Apple(Fuji),2021-02-20,265.0,0,0,2,2472.456446202752
Apple(Fuji),2021-02-21,265.0,0,0,2,1195.7142599854078
Apple(Fuji),2021-02-22,265.0,0,0,2,606.0799124744534
Apple(Fuji),2021-02-23,275.0,0,0,2,2292.074204099029
Apple(Fuji),2021-02-24,265.0,0,0,2,1728.9367160799968
Apple(Fuji),2021-02-25,255.0,0,0,2,2040.05235950171
Apple(Fuji),2021-02-26,260.0,0,0,2,703.4753894261011
Apple(Fuji),2021-02-27,260.0,0,0,2,870.9792922771784
Apple(Fuji),2021-02-28,265.0,0,0,2,1659.7659868608298
Apple(Fuji),2021-03-01,255.0,0,0,3,1840.1947029107937
Apple(Fuji),2021-03-02,265.0,0,0,3,1147.280952322319
Apple(Fuji),2021-03-03,255.0,0,0,3,760.7591111265963
Apple(Fuji),2021-03-05,265.0,0,0,3,1702.3972878514385
Apple(Fuji),2021-03-06,260.0,0,0,3,1251.8821976668155
Apple(Fuji),2021-03-07,260.0,0,0,3,2759.638725382834
Apple(Fuji),2021-03-08,255.0,0,0,3,2328.0243142969016
Apple(Fuji),2021-03-09,255.0,0,0,3,1538.5386314226655
Apple(Fuji),2021-03-10,255.0,0,0,3,1607.2948222550092
Apple(Fuji),2021-03-11,255.0,0,0,3,3193.8771239486887
Apple(Fuji),2021-03-12,255.0,0,0,3,1296.3030717195657
Apple(Fuji),2021-03-13,255.0,0,0,3,2622.3482808071863
Apple(Fuji),2021-03-14,255.0,0,0,3,986.2742226574045
Apple(Fuji),2021-03-15,255.0,0,0,3,2169.1202541963844
Apple(Fuji),2021-03-16,255.0,0,0,3,2002.3790902756173
Apple(Fuji),2021-03-17,255.0,0,0,3,1313.2911661655864
Apple(Fuji),2021-03-18,255.0,0,0,3,1310.6929270074424
Apple(Fuji),2021-03-19,255.0,0,0,3,2249.2446118195917
Apple(Fuji),2021-03-20,255.0,0,0,3,1871.5254322522906
Apple(Fuji),2021-03-21,255.0,0,0,3,2303.3234391418455
Apple(Fuji),2021-03-22,255.0,0,0,3,967.9527484544001
Apple(Fuji),2021-03-23,255.0,0,0,3,1644.9721217209571
Apple(Fuji),2021-03-24,255.0,0,0,3,2491.554596103612
Apple(Fuji),2021-03-25,255.0,0,0,3,2095.5422007037528
Apple(Fuji),2021-03-26,255.0,0,0,3,1384.787006873948
Apple(Fuji),2021-03-27,255.0,0,0,3,1171.7459248947694
Apple(Fuji),2021-03-28,260.0,0,0,3,1034.1186817221103
Apple(Fuji),2021-03-29,255.0,0,0,3,1092.1984959617955
Apple(Fuji),2021-03-30,255.0,0,0,3,2101.1281702476504
Apple(Fuji),2021-03-31,255.0,0,0,3,1466.086358873671
Apple(Fuji),2021-04-01,275.0,0,0,4,1400.1351850320139
Apple(Fuji),2021-04-02,275.0,0,0,4,3139.5129356922794
Apple(Fuji),2021-04-03,275.0,0,0,4,2888.5340033767466
Apple(Fuji),2021-04-04,290.0,0,0,4,2131.0459548874487
Apple(Fuji),2021-04-05,275.0,0,0,4,789.5669942782332
Apple(Fuji),2021-04-06,275.0,0,0,4,2694.7474591302853
Apple(Fuji),2021-04-07,255.0,0,0,4,734.1688173190129
Apple(Fuji),2021-04-08,275.0,0,0,4,1931.6528558512216
Apple(Fuji),2021-04-09,265.0,0,0,4,2582.6408413724594
Apple(Fuji),2021-04-10,275.0,0,0,4,1625.3470460602593
Apple(Fuji),2021-04-11,255.0,0,0,4,2097.1916753792348
Apple(Fuji),2021-04-12,275.0,0,0,4,2702.953504388003
Apple(Fuji),2021-04-13,255.0,0,0,4,4311.1235023387235
Apple(Fuji),2021-04-14,275.0,0,0,4,3855.8954253887036
Apple(Fuji),2021-04-15,265.0,0,0,4,957.5480910771671
Apple(Fuji),2021-04-16,275.0,0,0,4,2045.2167583823432
Apple(Fuji),2021-04-17,275.0,0,0,4,1311.6978327028605
Apple(Fuji),2021-04-18,290.0,0,0,4,2117.5560927526712
Apple(Fuji),2021-04-19,275.0,0,0,4,1989.0903151554699
Apple(Fuji),2021-04-20,255.0,0,0,4,1893.7427573941877
Apple(Fuji),2021-04-21,255.0,0,0,4,2184.9955081267144
Apple(Fuji),2021-04-22,275.0,0,0,4,2818.8598616973245
Apple(Fuji),2021-04-23,275.0,0,0,4,3206.3706408925673
Apple(Fuji),2021-04-24,275.0,0,0,4,1128.7790801291399
Apple(Fuji),2021-04-25,275.0,0,0,4,845.1823806849367
Apple(Fuji),2021-04-26,265.0,0,0,4,1864.1839899209474
Apple(Fuji),2021-04-27,255.0,0,0,4,1402.0139128235126
Apple(Fuji),2021-04-28,290.0,0,0,4,1704.7969572708591
Apple(Fuji),2021-04-29,290.0,0,0,4,3187.371511478042
Apple(Fuji),2021-04-30,290.0,0,0,4,1656.5350467714961
Apple(Fuji),2021-05-01,290.0,0,0,5,3542.846477276947
Apple(Fuji),2021-05-02,290.0,0,0,5,3046.4556853905888
Apple(Fuji),2021-05-03,290.0,0,0,5,1143.2257738434278
Apple(Fuji),2021-05-04,290.0,0,0,5,3265.717169678413
Apple(Fuji),2021-05-05,290.0,0,0,5,2471.80939258818
Apple(Fuji),2021-05-06,290.0,0,0,5,1666.6417894152194
Apple(Fuji),2021-05-07,290.0,0,0,5,1745.0540107331667
Apple(Fuji),2021-05-09,255.0,0,0,5,1263.5515234938346
Apple(Fuji),2021-05-10,270.0,0,0,5,2008.7817212224045
Apple(Fuji),2021-05-11,265.0,0,0,5,3310.342709131729
Apple(Fuji),2021-05-13,260.0,0,0,5,1536.9534754158205
Apple(Fuji),2021-05-14,290.0,0,0,5,2312.9809979703105
Apple(Fuji),2021-05-15,290.0,0,0,5,2809.3725893182122
Apple(Fuji),2021-05-16,290.0,0,0,5,3014.183741312877
Apple(Fuji),2021-05-17,290.0,0,0,5,1644.7865178506559
Apple(Fuji),2021-05-18,290.0,0,0,5,2744.974798276497
Apple(Fuji),2021-05-19,290.0,0,0,5,1369.7443962298723
Apple(Fuji),2021-05-20,290.0,0,0,5,1989.325876009774
Apple(Fuji),2021-05-21,290.0,0,0,5,2070.124166455334
Apple(Fuji),2021-05-22,290.0,0,0,5,2394.4798619037065
Apple(Fuji),2021-05-23,290.0,0,0,5,1256.1089813089839
Apple(Fuji),2021-05-24,290.0,0,0,5,1586.2744171450986
Apple(Fuji),2021-05-25,290.0,0,0,5,1519.5203074076405
Apple(Fuji),2021-05-26,290.0,0,0,5,1401.820530313574
Apple(Fuji),2021-05-27,290.0,0,0,5,1817.2239872432276
Apple(Fuji),2021-05-28,290.0,0,0,5,2401.2597639181995
Apple(Fuji),2021-05-29,290.0,0,0,5,1519.081583214518
Apple(Fuji),2021-05-30,290.0,0,0,5,2430.066500771036
Apple(Fuji),2021-05-31,270.0,0,0,5,2022.6766026211856
Apple(Fuji),2021-06-01,265.0,0,0,6,1687.4307794311512
Apple(Fuji),2021-06-02,265.0,0,0,6,1548.6006112693015
Apple(Fuji),2021-06-03,290.0,0,0,6,3242.5845931614
Apple(Fuji),2021-06-04,290.0,0,0,6,1194.3094546781579
Apple(Fuji),2021-06-05,265.0,0,0,6,1932.8811397409643
Apple(Fuji),2021-06-06,265.0,0,0,6,845.2882481589035
Apple(Fuji),2021-06-07,265.0,0,0,6,596.527198848978
Apple(Fuji),2021-06-08,265.0,0,0,6,1296.0426816459762
Apple(Fuji),2021-06-09,265.0,0,0,6,1927.2836376169937
Apple(Fuji),2021-06-10,265.0,0,0,6,2201.4136432775254
Apple(Fuji),2021-06-11,265.0,0,0,6,2650.596281588474
Apple(Fuji),2021-06-12,265.0,0,0,6,2648.85470275778
Apple(Fuji),2021-06-13,265.0,0,0,6,3929.0213695443067
Apple(Fuji),2021-06-14,265.0,0,0,6,1322.8502809976926
Apple(Fuji),2021-06-15,265.0,0,0,6,1743.4679412906462
Apple(Fuji),2021-06-16,265.0,0,0,6,1699.2696247011374
Apple(Fuji),2021-06-17,265.0,0,0,6,2659.2818530180366
Apple(Fuji),2021-06-18,265.0,0,0,6,1140.4071373495983
Apple(Fuji),2021-06-19,265.0,0,0,6,2007.5133986857709
Apple(Fuji),2021-06-21,265.0,0,0,6,1544.5135600653687
Apple(Fuji),2021-06-22,265.0,0,0,6,1966.321653160129
Apple(Fuji),2021-06-23,265.0,0,0,6,1646.8139369885712
Apple(Fuji),2021-06-24,265.0,0,0,6,1886.9666576746858
Apple(Fuji),2021-06-25,265.0,0,0,6,914.6902648254808
Apple(Fuji),2021-06-26,265.0,0,0,6,1522.0939865458877
Apple(Fuji),2021-06-28,265.0,0,0,6,3306.9322451790335
Apple(Fuji),2021-06-29,265.0,0,0,6,1292.0892358607778
Apple(Fuji),2021-06-30,265.0,0,0,6,1817.4838519204154
Apple(Fuji),2021-07-01,265.0,0,0,7,1661.9912609412956
Apple(Fuji),2021-07-02,265.0,0,0,7,2588.7359486969067
Apple(Fuji),2021-07-03,265.0,0,0,7,1369.2718772386318
Apple(Fuji),2021-07-05,265.0,0,0,7,1379.6275233771019
Apple(Fuji),2021-07-06,265.0,0,0,7,1587.5250836360947
Apple(Fuji),2021-07-07,265.0,0,0,7,848.9631160122283
Apple(Fuji),2021-07-08,265.0,0,0,7,1360.2534852146048
Apple(Fuji),2021-07-09,265.0,0,0,7,1457.6580018530449
Apple(Fuji),2021-07-10,265.0,0,0,7,1175.2598591632927
Apple(Fuji),2021-07-11,265.0,0,0,7,1145.2300237281795
Apple(Fuji),2021-07-12,265.0,0,0,7,675.2697171737946
Apple(Fuji),2021-07-13,265.0,0,0,7,1391.7870972861201
Apple(Fuji),2021-07-14,250.0,0,0,7,982.5179199904815
Apple(Fuji),2021-07-15,265.0,0,0,7,1515.9179820622192
Apple(Fuji),2021-07-16,265.0,0,0,7,1046.3450533045204
Apple(Fuji),2021-07-17,265.0,0,0,7,650.3578030519217
Apple(Fuji),2021-07-18,265.0,0,0,7,1888.1486086986913
Apple(Fuji),2021-07-19,265.0,0,0,7,1685.6949456636812
Apple(Fuji),2021-07-20,265.0,0,0,7,535.4280911743429
Apple(Fuji),2021-07-21,265.0,0,0,7,1893.6882365695938
Apple(Fuji),2021-07-23,235.0,0,0,7,2809.0754064694866
Apple(Fuji),2021-07-24,235.0,0,0,7,504.5768970678298
Apple(Fuji),2021-07-25,240.0,0,0,7,2684.9534002646924
Apple(Fuji),2021-07-26,235.0,0,0,7,1011.8180681007464
Apple(Fuji),2021-07-27,235.0,0,0,7,1877.11205963737
Apple(Fuji),2021-07-28,235.0,0,0,7,1454.7690550045054
Apple(Fuji),2021-07-29,235.0,0,0,7,899.1022109685028
Apple(Fuji),2021-07-30,235.0,0,0,7,1552.2895346545395
Apple(Fuji),2021-07-31,235.0,0,0,7,1704.4462702259038
Apple(Fuji),2021-08-01,235.0,0,0,8,929.0433427797108
Apple(Fuji),2021-08-02,235.0,0,0,8,937.645964708423
Apple(Fuji),2021-08-03,235.0,0,0,8,1307.6955186377636
Apple(Fuji),2021-08-04,235.0,0,0,8,820.9623340075372
Apple(Fuji),2021-08-05,235.0,0,0,8,1092.3171921738842
Apple(Fuji),2021-08-06,235.0,0,0,8,617.0713997341923
Apple(Fuji),2021-08-07,225.0,0,0,8,842.8186241337605
Apple(Fuji),2021-08-08,225.0,0,0,8,1287.7991421467375
Apple(Fuji),2021-08-09,225.0,0,0,8,1108.0496021564747
Apple(Fuji),2021-08-10,225.0,0,0,8,750.6867071534319
Apple(Fuji),2021-08-11,225.0,0,0,8,923.4018280771974
Apple(Fuji),2021-08-12,225.0,0,0,8,631.7067262635271
Apple(Fuji),2021-08-13,225.0,0,0,8,1162.9300393097703
Apple(Fuji),2021-08-14,225.0,0,0,8,663.6124257287008
Apple(Fuji),2021-08-15,225.0,0,0,8,593.7721153275731
Apple(Fuji),2021-08-16,225.0,0,0,8,461.4813540045154
Apple(Fuji),2021-08-17,210.0,0,0,8,1128.4376679890752
Apple(Fuji),2021-08-18,220.0,0,0,8,1210.2088961690172
Apple(Fuji),2021-08-19,225.0,0,0,8,696.3902672138239
Apple(Fuji),2021-08-20,225.0,0,0,8,680.5566474948959
Apple(Fuji),2021-08-21,235.0,0,0,8,1210.2136299601777
Apple(Fuji),2021-08-22,225.0,0,0,8,585.0552587889763
Apple(Fuji),2021-08-23,235.0,0,0,8,1308.7823401786327
Apple(Fuji),2021-08-24,225.0,0,0,8,769.1047130543649
Apple(Fuji),2021-08-26,210.0,0,0,8,1338.1048622288479
Apple(Fuji),2021-08-27,210.0,0,0,8,1397.2299396530311
Apple(Fuji),2021-08-28,210.0,0,0,8,447.84165844100875
Apple(Fuji),2021-08-29,210.0,0,0,8,648.0650297834735
Apple(Fuji),2021-08-31,210.0,0,0,8,499.43750731665676
Apple(Fuji),2021-09-01,210.0,0,1,9,2146.571447586897
Apple(Fuji),2021-09-03,210.0,0,1,9,1557.5189044381295
Apple(Fuji),2021-09-04,210.0,0,1,9,1359.7841173283107
Apple(Fuji),2021-09-05,210.0,0,1,9,1222.3245461233146
Apple(Fuji),2021-09-06,210.0,0,1,9,1943.0484114750454
Apple(Fuji),2021-09-08,210.0,0,1,9,1762.3895551725914
Apple(Fuji),2021-09-09,235.0,0,1,9,2619.233372995509
Apple(Fuji),2021-09-10,210.0,0,1,9,2246.007542817854
Apple(Fuji),2021-09-11,210.0,0,1,9,1722.7148843036389
Apple(Fuji),2021-09-12,210.0,0,1,9,1625.6852124649351
Apple(Fuji),2021-09-13,210.0,0,1,9,1701.6666678063718
Apple(Fuji),2021-09-14,210.0,0,1,9,2462.5856156286636
Apple(Fuji),2021-09-15,225.0,0,1,9,3341.4578328474945
Apple(Fuji),2021-09-17,195.0,0,1,9,1280.2242465707927
Apple(Fuji),2021-09-18,195.0,0,1,9,1561.2074196851356
Apple(Fuji),2021-09-19,195.0,0,1,9,946.1365240947534
Apple(Fuji),2021-09-20,195.0,0,1,9,1536.9265614740068
Apple(Fuji),2021-09-21,205.0,0,1,9,2025.1685067680176
Apple(Fuji),2021-09-22,230.0,0,1,9,1452.7855591545479
Apple(Fuji),2021-09-23,245.0,0,1,9,1086.6422559398634
Apple(Fuji),2021-09-24,245.0,0,1,9,1362.4926054187017
Apple(Fuji),2021-09-25,235.0,0,1,9,3123.29556296714
Apple(Fuji),2021-09-26,235.0,0,1,9,3093.017255459684
Apple(Fuji),2021-09-27,245.0,0,1,9,2158.550381373477
Apple(Fuji),2021-09-28,235.0,0,1,9,2251.1585790867425
Apple(Fuji),2021-09-29,235.0,0,1,9,1077.0066698999412
Apple(Fuji),2021-09-30,240.0,0,1,9,2113.0720742782773
Apple(Fuji),2021-10-01,240.0,0,1,10,1630.1327137842063
Apple(Fuji),2021-10-02,235.0,0,1,10,2236.940709679783
Apple(Fuji),2021-10-03,235.0,0,1,10,1474.5161734358983
Apple(Fuji),2021-10-04,245.0,0,1,10,2097.1176277982804
Apple(Fuji),2021-10-05,265.0,0,1,10,1451.2255354755216
Apple(Fuji),2021-10-06,290.0,0,1,10,1614.6382436738838
Apple(Fuji),2021-10-07,290.0,1,1,10,4369.753161252619
Apple(Fuji),2021-10-08,310.0,1,1,10,5729.392122448388
Apple(Fuji),2021-10-09,325.0,1,1,10,3112.3604996317395
Apple(Fuji),2021-10-10,325.0,1,1,10,2530.11120341056
Apple(Fuji),2021-10-11,325.0,1,1,10,5869.269141488879
Apple(Fuji),2021-10-12,310.0,1,1,10,5265.214115847331
Apple(Fuji),2021-10-13,325.0,1,1,10,5374.943322535742
Apple(Fuji),2021-10-14,290.0,1,1,10,2110.041295644345
Apple(Fuji),2021-10-15,325.0,1,1,10,3864.3794717337105
Apple(Fuji),2021-10-16,290.0,1,1,10,3146.9182765298956
Apple(Fuji),2021-10-17,290.0,1,1,10,3574.2089469102752
Apple(Fuji),2021-10-18,290.0,1,1,10,4477.327078865562
Apple(Fuji),2021-10-19,290.0,1,1,10,3385.3853389020633
Apple(Fuji),2021-10-20,290.0,1,1,10,4027.1990294604966
Apple(Fuji),2021-10-21,290.0,0,1,10,1899.7709661750162
Apple(Fuji),2021-10-22,290.0,0,1,10,3645.7058987199835
Apple(Fuji),2021-10-23,265.0,0,1,10,1686.7141075710324
Apple(Fuji),2021-10-24,265.0,0,1,10,1607.6224885698755
Apple(Fuji),2021-10-25,265.0,0,1,10,2027.4404633787651
Apple(Fuji),2021-10-26,265.0,0,1,10,3253.2108085801156
Apple(Fuji),2021-10-27,265.0,0,1,10,1321.0252462005496
Apple(Fuji),2021-10-28,265.0,0,1,10,1329.1815214508185
Apple(Fuji),2021-10-29,265.0,0,1,10,1275.8549717236567
Apple(Fuji),2021-10-30,265.0,0,1,10,944.3740408055243
Apple(Fuji),2021-10-31,265.0,0,1,10,1782.2596505296115
Apple(Fuji),2021-11-01,265.0,0,1,11,1667.465619411862
Apple(Fuji),2021-11-02,275.0,0,1,11,3493.7293234691033
Apple(Fuji),2021-11-03,290.0,0,1,11,1618.4739478269669
Apple(Fuji),2021-11-04,290.0,1,1,11,7158.721018147197
Apple(Fuji),2021-11-05,275.0,1,1,11,4564.961704960057
Apple(Fuji),2021-11-06,275.0,1,1,11,3981.9785592524026
Apple(Fuji),2021-11-07,290.0,1,1,11,3100.194206235273
Apple(Fuji),2021-11-08,290.0,1,1,11,2279.11678486617
Apple(Fuji),2021-11-09,290.0,0,1,11,1706.4207933315372
Apple(Fuji),2021-11-10,290.0,0,1,11,1845.2408613500193
Apple(Fuji),2021-11-11,290.0,0,1,11,2226.775618383473
Apple(Fuji),2021-11-12,290.0,0,1,11,1674.8901260796551
Apple(Fuji),2021-11-13,290.0,0,1,11,2878.7714798847405
Apple(Fuji),2021-11-14,290.0,0,1,11,1571.581889271125
Apple(Fuji),2021-11-15,290.0,0,1,11,1540.4996272961068
Apple(Fuji),2021-11-16,290.0,0,1,11,1143.531932983933
Apple(Fuji),2021-11-17,290.0,0,1,11,1482.1321793010814
Apple(Fuji),2021-11-18,290.0,0,1,11,2430.839594468079
Apple(Fuji),2021-11-19,290.0,0,1,11,2486.9693124408755
Apple(Fuji),2021-11-20,290.0,0,1,11,2337.0908761638316
Apple(Fuji),2021-11-21,290.0,0,1,11,2753.9804906180425
Apple(Fuji),2021-11-22,290.0,0,1,11,2701.0450178797496
Apple(Fuji),2021-11-23,290.0,0,1,11,2324.4825162450566
Apple(Fuji),2021-11-24,290.0,0,1,11,2293.7809933407834
Apple(Fuji),2021-11-25,290.0,0,1,11,2130.395607497051
Apple(Fuji),2021-11-26,290.0,0,1,11,1809.9906489430075
Apple(Fuji),2021-11-27,290.0,0,1,11,1980.5733278203516
Apple(Fuji),2021-11-28,290.0,0,1,11,2433.3485407890116
Apple(Fuji),2021-11-29,290.0,0,1,11,1752.7887613372393
Apple(Fuji),2021-11-30,265.0,0,1,11,1770.066237375781
Apple(Fuji),2021-12-01,275.0,0,0,12,1107.2297875493407
Apple(Fuji),2021-12-02,265.0,0,0,12,675.265933141284
Apple(Fuji),2021-12-03,265.0,0,0,12,726.0646932653011
Apple(Fuji),2021-12-04,265.0,0,0,12,1862.0090145311194
Apple(Fuji),2021-12-05,265.0,0,0,12,678.291810869033
Apple(Fuji),2021-12-06,265.0,0,0,12,1245.772097510238
Apple(Fuji),2021-12-07,265.0,0,0,12,497.26959098703156
Apple(Fuji),2021-12-08,265.0,0,0,12,681.2236953655761
Apple(Fuji),2021-12-09,265.0,0,0,12,274.4599522672187
Apple(Fuji),2021-12-10,260.0,0,0,12,811.2336381043983
Apple(Fuji),2021-12-11,260.0,0,0,12,365.3817309907193
Apple(Fuji),2021-12-12,260.0,0,0,12,358.3800634930922
Apple(Fuji),2021-12-13,235.0,0,0,12,714.5607072499351
Apple(Fuji),2021-12-14,265.0,0,0,12,795.6718398848099
Apple(Fuji),2021-12-15,265.0,0,0,12,855.9636955980062
Apple(Fuji),2021-12-16,265.0,0,0,12,874.5289262310447
Apple(Fuji),2021-12-18,265.0,0,0,12,705.9012826043229
Apple(Fuji),2021-12-19,250.0,0,0,12,1165.067931794354
Apple(Fuji),2021-12-20,265.0,0,0,12,628.9010278153527
Apple(Fuji),2021-12-21,265.0,0,0,12,1058.2241093935934
Apple(Fuji),2021-12-22,265.0,0,0,12,729.5116848130659
Apple(Fuji),2021-12-23,265.0,0,0,12,377.94093995174353
Apple(Fuji),2021-12-24,265.0,0,0,12,1305.3746673072221
Apple(Fuji),2021-12-25,265.0,0,0,12,782.7737060566026
Apple(Fuji),2021-12-26,265.0,0,0,12,1104.033249591154
Apple(Fuji),2021-12-27,265.0,0,0,12,1862.921791828914
Apple(Fuji),2021-12-28,265.0,0,0,12,889.6963737488347
Apple(Fuji),2021-12-29,265.0,0,0,12,998.2889777594106
Apple(Fuji),2021-12-30,265.0,0,0,12,552.8425491067297
Apple(Fuji),2021-12-31,265.0,0,0,12,927.4510348875432
Apple(Fuji),2022-01-01,265.0,0,0,1,1728.0035489731972
Apple(Fuji),2022-01-02,265.0,0,0,1,694.629758748237
Apple(Fuji),2022-01-03,265.0,0,0,1,737.8428802386754
Apple(Fuji),2022-01-04,265.0,0,0,1,1144.8265053581933
Apple(Fuji),2022-01-05,265.0,0,0,1,1671.1580637488842
Apple(Fuji),2022-01-06,265.0,0,0,1,761.4917049369019
Apple(Fuji),2022-01-07,265.0,0,0,1,1578.0650892252459
Apple(Fuji),2022-01-08,265.0,0,0,1,1601.7347005853126
Apple(Fuji),2022-01-09,265.0,0,0,1,1697.516115058207
Apple(Fuji),2022-01-10,265.0,0,0,1,1516.077697999011
Apple(Fuji),2022-01-11,265.0,0,0,1,1474.4149069629352
Apple(Fuji),2022-01-12,265.0,0,0,1,465.55878767866795
Apple(Fuji),2022-01-13,265.0,0,0,1,1024.6703698296565
Apple(Fuji),2022-01-14,265.0,0,0,1,1366.4174557402157
Apple(Fuji),2022-01-15,265.0,0,0,1,1756.2762153085353
Apple(Fuji),2022-01-16,265.0,0,0,1,1747.918488741539
Apple(Fuji),2022-01-17,235.0,0,0,1,567.731837380065
Apple(Fuji),2022-01-18,265.0,0,0,1,965.124805435893
Apple(Fuji),2022-01-19,265.0,0,0,1,693.0289948088835
Apple(Fuji),2022-01-20,265.0,0,0,1,1348.9846117878424
Apple(Fuji),2022-01-21,265.0,0,0,1,1274.5287767101613
Apple(Fuji),2022-01-22,265.0,0,0,1,882.8232760195639
Apple(Fuji),2022-01-23,265.0,0,0,1,2423.7829861709397
Apple(Fuji),2022-01-24,265.0,0,0,1,458.5074755813113
Apple(Fuji),2022-01-25,265.0,0,0,1,1348.715958191565
Apple(Fuji),2022-01-26,265.0,0,0,1,859.9127430083239
Apple(Fuji),2022-01-27,265.0,0,0,1,860.4575462267682
Apple(Fuji),2022-01-28,265.0,0,0,1,1778.326595101862
Apple(Fuji),2022-01-29,265.0,0,0,1,964.6808058942624
Apple(Fuji),2022-01-30,265.0,0,0,1,1048.2443477780378
Apple(Fuji),2022-01-31,265.0,0,0,1,1579.422375150722
Apple(Fuji),2022-02-01,265.0,0,0,2,1695.926410811768
Apple(Fuji),2022-02-02,265.0,0,0,2,1623.4676182114213
Apple(Fuji),2022-02-03,265.0,0,0,2,879.9873890586015
Apple(Fuji),2022-02-04,265.0,0,0,2,940.4604280073528
Apple(Fuji),2022-02-05,265.0,0,0,2,1481.2558784056396
Apple(Fuji),2022-02-06,265.0,0,0,2,1781.367126021452
Apple(Fuji),2022-02-07,265.0,0,0,2,1374.7878550256173
Apple(Fuji),2022-02-08,265.0,0,0,2,1581.6796680886152
Apple(Fuji),2022-02-09,265.0,0,0,2,2100.8126587101274
Apple(Fuji),2022-02-10,265.0,0,0,2,833.0687260233655
Apple(Fuji),2022-02-11,265.0,0,0,2,716.7460793672997
Apple(Fuji),2022-02-12,265.0,0,0,2,1519.244913414736
Apple(Fuji),2022-02-13,265.0,0,0,2,1401.1414459096873
Apple(Fuji),2022-02-14,265.0,0,0,2,832.9477132711697
Apple(Fuji),2022-02-15,265.0,0,0,2,1400.2941467515452
Apple(Fuji),2022-02-16,265.0,0,0,2,1142.9925407119442
Apple(Fuji),2022-02-17,265.0,0,0,2,1296.0197497619986
Apple(Fuji),2022-02-18,265.0,0,0,2,1912.2377763825366
Apple(Fuji),2022-02-19,265.0,0,0,2,842.6398933565403
Apple(Fuji),2022-02-20,265.0,0,0,2,1039.989358664448
Apple(Fuji),2022-02-21,290.0,0,0,2,2594.3151749689564
Apple(Fuji),2022-02-22,265.0,0,0,2,1704.50784204645
Apple(Fuji),2022-02-23,265.0,0,0,2,1659.7264696553696
Apple(Fuji),2022-02-24,265.0,0,0,2,840.8572568995172
Apple(Fuji),2022-02-25,265.0,0,0,2,1169.375008580857
Apple(Fuji),2022-02-27,265.0,0,0,2,2530.664099444331
Apple(Fuji),2022-02-28,265.0,0,0,2,1153.0279434910915
Apple(Fuji),2022-03-01,265.0,0,0,3,1626.7134036976486
Apple(Fuji),2022-03-02,275.0,0,0,3,1146.4600887160364
Apple(Fuji),2022-03-03,275.0,0,0,3,1254.8838703125882
Apple(Fuji),2022-03-05,265.0,0,0,3,3481.4307224572112
Apple(Fuji),2022-03-06,265.0,0,0,3,1427.2298168745388
Apple(Fuji),2022-03-07,265.0,0,0,3,1654.6686936562057
Apple(Fuji),2022-03-08,265.0,0,0,3,1680.9745564629645
Apple(Fuji),2022-03-09,275.0,0,0,3,2096.026537369764
Apple(Fuji),2022-03-10,265.0,0,0,3,1574.6755122487994
Apple(Fuji),2022-03-11,275.0,0,0,3,1464.0203474778955
Apple(Fuji),2022-03-12,275.0,0,0,3,2255.5350210017295
Apple(Fuji),2022-03-13,275.0,0,0,3,2485.2516854715604
Apple(Fuji),2022-03-14,275.0,0,0,3,1443.9479719185786
Apple(Fuji),2022-03-15,275.0,0,0,3,1651.3117950859191
Apple(Fuji),2022-03-16,275.0,0,0,3,3577.3801320981042
Apple(Fuji),2022-03-17,275.0,0,0,3,1829.3286090121285
Apple(Fuji),2022-03-18,275.0,0,0,3,3390.6108879783437
Apple(Fuji),2022-03-19,275.0,0,0,3,1028.9964812331636
Apple(Fuji),2022-03-20,275.0,0,0,3,2720.795425629965
Apple(Fuji),2022-03-21,265.0,0,0,3,2498.928251693678
Apple(Fuji),2022-03-22,265.0,0,0,3,1202.7007925108594
Apple(Fuji),2022-03-23,265.0,0,0,3,1073.5627354916944
Apple(Fuji),2022-03-24,265.0,0,0,3,1712.2224307610136
Apple(Fuji),2022-03-25,260.0,0,0,3,2263.6466181534506
Apple(Fuji),2022-03-26,260.0,0,0,3,2863.6452074207305
Apple(Fuji),2022-03-27,265.0,0,0,3,2016.690437915091
Apple(Fuji),2022-03-28,260.0,0,0,3,2151.214486688046
Apple(Fuji),2022-03-29,260.0,0,0,3,2000.4430067986377
Apple(Fuji),2022-03-31,240.0,0,0,3,1558.7093960959603
Apple(Fuji),2022-04-01,240.0,0,0,4,2794.530516515976
Apple(Fuji),2022-04-02,240.0,0,0,4,3640.136422776234
Apple(Fuji),2022-04-03,240.0,0,0,4,2441.961261848811
Apple(Fuji),2022-04-04,240.0,0,0,4,2106.87316664638
Apple(Fuji),2022-04-05,235.0,0,0,4,2264.0716100255245
Apple(Fuji),2022-04-06,240.0,0,0,4,2985.3822973714387
Apple(Fuji),2022-04-07,235.0,0,0,4,2254.1633443491005
Apple(Fuji),2022-04-08,225.0,0,0,4,766.5833602663688
Apple(Fuji),2022-04-09,250.0,0,0,4,1315.2040124952991
Apple(Fuji),2022-04-10,265.0,0,0,4,2626.0866586669194
Apple(Fuji),2022-04-11,265.0,0,0,4,1749.8065865454162
Apple(Fuji),2022-04-12,265.0,0,0,4,1448.0031656036838
Apple(Fuji),2022-04-13,265.0,0,0,4,3473.392802361923
Apple(Fuji),2022-04-14,265.0,0,0,4,1747.4926103798657
Apple(Fuji),2022-04-15,265.0,0,0,4,2530.6766764618683
Apple(Fuji),2022-04-16,265.0,0,0,4,1632.5356095760555
Apple(Fuji),2022-04-17,265.0,0,0,4,2088.0091523876617
Apple(Fuji),2022-04-18,265.0,0,0,4,1120.6053860938323
Apple(Fuji),2022-04-19,265.0,0,0,4,2033.576400115485
Apple(Fuji),2022-04-20,265.0,0,0,4,3000.9392023103264
Apple(Fuji),2022-04-21,265.0,0,0,4,1254.2043278661567
Apple(Fuji),2022-04-22,265.0,0,0,4,1744.3764638940793
Apple(Fuji),2022-04-23,265.0,0,0,4,1211.793685501673
Apple(Fuji),2022-04-24,265.0,0,0,4,1510.5938794606354
Apple(Fuji),2022-04-25,265.0,0,0,4,3211.710005873344
Apple(Fuji),2022-04-26,265.0,0,0,4,3075.9942579752847
Apple(Fuji),2022-04-27,275.0,0,0,4,1552.2249643117086
Apple(Fuji),2022-04-28,275.0,0,0,4,1420.211025022857
Apple(Fuji),2022-04-29,275.0,0,0,4,1354.8253070068927
Apple(Fuji),2022-04-30,275.0,0,0,4,3435.185319908837
Apple(Fuji),2022-05-01,275.0,0,0,5,2324.4934274413727
Apple(Fuji),2022-05-02,275.0,0,0,5,2439.204352327756
Apple(Fuji),2022-05-03,265.0,0,0,5,4311.570992891392
Apple(Fuji),2022-05-04,275.0,0,0,5,1296.192010962526
Apple(Fuji),2022-05-05,275.0,0,0,5,2535.8837704996013
Apple(Fuji),2022-05-06,265.0,0,0,5,2056.1275130069102
Apple(Fuji),2022-05-07,275.0,0,0,5,1851.471524329429
Apple(Fuji),2022-05-08,275.0,0,0,5,2055.8096170884073
Apple(Fuji),2022-05-09,275.0,0,0,5,3532.6945470402466
Apple(Fuji),2022-05-10,275.0,0,0,5,1455.9194113165179
Apple(Fuji),2022-05-11,275.0,0,0,5,1468.099636620324
Apple(Fuji),2022-05-12,275.0,0,0,5,1903.8859162866922
Apple(Fuji),2022-05-14,275.0,0,0,5,3044.727486167398
Apple(Fuji),2022-05-15,275.0,0,0,5,2438.2788591235676
Apple(Fuji),2022-05-16,275.0,0,0,5,1862.0681205097396
Apple(Fuji),2022-05-17,275.0,0,0,5,1952.9036968155826
Apple(Fuji),2022-05-18,275.0,0,0,5,1818.4616144897002
Apple(Fuji),2022-05-19,275.0,0,0,5,1711.5681787112158
Apple(Fuji),2022-05-20,275.0,0,0,5,2223.8276399056695
Apple(Fuji),2022-05-21,275.0,0,0,5,1381.1333759672311
Apple(Fuji),2022-05-22,275.0,0,0,5,3144.185863905166
Apple(Fuji),2022-05-23,275.0,0,0,5,1239.2513558689654
Apple(Fuji),2022-05-24,275.0,0,0,5,1188.6889307804674
Apple(Fuji),2022-05-25,275.0,0,0,5,1399.5587767582806
Apple(Fuji),2022-05-26,275.0,0,0,5,1384.461648079133
Apple(Fuji),2022-05-27,275.0,0,0,5,2212.4989226750777
Apple(Fuji),2022-05-28,275.0,0,0,5,1229.803800389584
Apple(Fuji),2022-05-29,275.0,0,0,5,864.516168992774
Apple(Fuji),2022-05-30,275.0,0,0,5,3815.798634688746
Apple(Fuji),2022-05-31,275.0,0,0,5,2102.842859908746
Apple(Fuji),2022-06-01,275.0,0,0,6,2491.3966021438273
Apple(Fuji),2022-06-02,275.0,0,0,6,2171.565110025114
Apple(Fuji),2022-06-03,275.0,0,0,6,2242.538148719935
Apple(Fuji),2022-06-04,275.0,0,0,6,2687.8519298209562
Apple(Fuji),2022-06-05,275.0,0,0,6,2365.433235409117
Apple(Fuji),2022-06-06,275.0,0,0,6,1390.021047010989
Apple(Fuji),2022-06-07,275.0,0,0,6,2669.983940207662
Apple(Fuji),2022-06-08,260.0,0,0,6,2108.0379895453507
Apple(Fuji),2022-06-09,260.0,0,0,6,841.8067245487798
Apple(Fuji),2022-06-10,260.0,0,0,6,2855.2893058542736
Apple(Fuji),2022-06-11,275.0,0,0,6,1824.3500541463372
Apple(Fuji),2022-06-12,275.0,0,0,6,1574.7961888513
Apple(Fuji),2022-06-13,275.0,0,0,6,1648.780354691822
Apple(Fuji),2022-06-14,275.0,0,0,6,1942.5660155942903
Apple(Fuji),2022-06-15,275.0,0,0,6,2016.6456199330762
Apple(Fuji),2022-06-16,275.0,0,0,6,1821.9727559438898
Apple(Fuji),2022-06-17,275.0,0,0,6,2079.625109542804
Apple(Fuji),2022-06-18,275.0,0,0,6,2874.2362678252102
Apple(Fuji),2022-06-19,275.0,0,0,6,1114.1347605188068
Apple(Fuji),2022-06-20,265.0,0,0,6,2653.408433598861
Apple(Fuji),2022-06-21,265.0,0,0,6,2001.160588695563
Apple(Fuji),2022-06-22,265.0,0,0,6,1584.7348676944862
Apple(Fuji),2022-06-23,265.0,0,0,6,3579.8015609620024
Apple(Fuji),2022-06-24,265.0,0,0,6,975.2225250817129
Apple(Fuji),2022-06-25,265.0,0,0,6,2011.5971276758148
Apple(Fuji),2022-06-26,265.0,0,0,6,1819.5952418520437
Apple(Fuji),2022-06-27,275.0,0,0,6,1290.285480288566
Apple(Fuji),2022-06-28,275.0,0,0,6,2476.78799433655
Apple(Fuji),2022-06-29,275.0,0,0,6,2651.0255147459775
Apple(Fuji),2022-06-30,275.0,0,0,6,1939.0882669053105
Apple(Fuji),2022-07-01,283.33,0,0,7,1137.5185381548738
Apple(Fuji),2022-07-02,283.33,0,0,7,1528.5736315034196
Apple(Fuji),2022-07-03,275.0,0,0,7,1851.2119935218811
Apple(Fuji),2022-07-04,275.0,0,0,7,1073.4618160442612
Apple(Fuji),2022-07-05,290.0,0,0,7,1198.8486593872647
Apple(Fuji),2022-07-06,280.0,0,0,7,2266.2489883368553
Apple(Fuji),2022-07-07,275.0,0,0,7,867.7384636657613
Apple(Fuji),2022-07-08,265.0,0,0,7,2285.439376776059
Apple(Fuji),2022-07-09,283.33,0,0,7,2485.948262716202
Apple(Fuji),2022-07-10,275.0,0,0,7,1542.2965087317245
Apple(Fuji),2022-07-11,293.33,0,0,7,1492.5897817257908
Apple(Fuji),2022-07-12,290.0,0,0,7,1971.043434084102
Apple(Fuji),2022-07-13,293.33,0,0,7,2494.3934068660424
Apple(Fuji),2022-07-14,293.33,0,0,7,720.4364948688385
Apple(Fuji),2022-07-15,290.0,0,0,7,1035.5511292135675
Apple(Fuji),2022-07-16,290.0,0,0,7,1227.8818286848846
Apple(Fuji),2022-07-17,290.0,0,0,7,1180.6685142625029
Apple(Fuji),2022-07-18,290.0,0,0,7,2617.535409021169
Apple(Fuji),2022-07-19,290.0,0,0,7,1963.9343942723542
Apple(Fuji),2022-07-20,290.0,0,0,7,1541.1917205387513
Apple(Fuji),2022-07-21,290.0,0,0,7,808.6696849354996
Apple(Fuji),2022-07-22,290.0,0,0,7,2883.242163284606
Apple(Fuji),2022-07-23,290.0,0,0,7,2197.1418940818953
Apple(Fuji),2022-07-24,290.0,0,0,7,2530.6072659800875
Apple(Fuji),2022-07-25,293.33,0,0,7,1076.2922139307668
Apple(Fuji),2022-07-26,293.33,0,0,7,1178.3588508307591
Apple(Fuji),2022-07-27,290.0,0,0,7,807.0236845693237
Apple(Fuji),2022-07-28,265.0,0,0,7,2132.5369296176327
Apple(Fuji),2022-07-29,312.5,0,0,7,1143.928243850722
Apple(Fuji),2022-07-30,290.0,0,0,7,3851.2781957416732
Apple(Fuji),2022-07-31,290.0,0,0,7,2569.8448986827857
Apple(Fuji),2022-08-01,290.0,0,0,8,512.0576303515468
Apple(Fuji),2022-08-02,290.0,0,0,8,873.6677916801758
Apple(Fuji),2022-08-03,290.0,0,0,8,2114.9271181244076
Apple(Fuji),2022-08-04,290.0,0,0,8,1344.8368174990692
Apple(Fuji),2022-08-05,290.0,0,0,8,1743.2578032685649
Apple(Fuji),2022-08-06,310.0,0,0,8,1568.1749707561173
Apple(Fuji),2022-08-07,310.0,0,0,8,2047.2643644334378
Apple(Fuji),2022-08-08,310.0,0,0,8,2065.9582217630036
Apple(Fuji),2022-08-09,313.33,0,0,8,1148.697215073245
Apple(Fuji),2022-08-10,310.0,0,0,8,1461.7768588987863
Apple(Fuji),2022-08-11,310.0,0,0,8,1382.0199485691046
Apple(Fuji),2022-08-12,290.0,0,0,8,1391.0589666191984
Apple(Fuji),2022-08-13,265.0,0,0,8,788.8751777796408
Apple(Fuji),2022-08-14,265.0,0,0,8,905.7377536518635
Apple(Fuji),2022-08-15,290.0,0,0,8,779.4710097707535
Apple(Fuji),2022-08-16,290.0,0,0,8,1472.9542471437424
Apple(Fuji),2022-08-17,275.0,0,0,8,1844.121548860534
Apple(Fuji),2022-08-18,275.0,0,0,8,1248.9062902485048
Apple(Fuji),2022-08-19,270.0,0,0,8,1639.2827936317155
Apple(Fuji),2022-08-20,275.0,0,0,8,1646.0887182274391
Apple(Fuji),2022-08-21,275.0,0,0,8,499.53758105926477
Apple(Fuji),2022-08-22,275.0,0,0,8,802.5401331919378
Apple(Fuji),2022-08-23,275.0,0,0,8,462.3609049783301
Apple(Fuji),2022-08-24,275.0,0,0,8,1542.0822850075917
Apple(Fuji),2022-08-25,275.0,0,0,8,847.164384189331
Apple(Fuji),2022-08-26,275.0,0,0,8,1039.7854388328
Apple(Fuji),2022-08-27,275.0,0,0,8,2139.5708486425806
Apple(Fuji),2022-08-28,275.0,0,0,8,991.9944233952687
Apple(Fuji),2022-08-29,275.0,0,0,8,1498.0255353720104
Apple(Fuji),2022-08-31,265.0,0,0,8,334.13485903805497
Apple(Fuji),2022-09-01,265.0,0,1,9,1178.1571782454823
Apple(Fuji),2022-09-02,265.0,0,1,9,1526.3157913163184
Apple(Fuji),2022-09-03,270.0,0,1,9,3067.0926145168546
Apple(Fuji),2022-09-04,265.0,0,1,9,1983.26858623931
Apple(Fuji),2022-09-05,265.0,0,1,9,2101.054160030652
Apple(Fuji),2022-09-06,265.0,0,1,9,2280.0988929065443
Apple(Fuji),2022-09-07,265.0,0,1,9,3462.3200542391724
Apple(Fuji),2022-09-08,265.0,0,1,9,1553.7255114658433
Apple(Fuji),2022-09-09,265.0,0,1,9,1925.8705917446682
Apple(Fuji),2022-09-10,265.0,0,1,9,2819.7850450210376
Apple(Fuji),2022-09-11,265.0,0,1,9,1022.3747583372038
Apple(Fuji),2022-09-12,265.0,0,1,9,3176.3965418503453
Apple(Fuji),2022-09-13,265.0,0,1,9,2137.057952165799
Apple(Fuji),2022-09-14,265.0,0,1,9,1604.5975522439464
Apple(Fuji),2022-09-15,265.0,0,1,9,2848.576387013426
Apple(Fuji),2022-09-16,265.0,0,1,9,1581.0335562169214
Apple(Fuji),2022-09-17,265.0,0,1,9,1314.8708858771586
Apple(Fuji),2022-09-18,265.0,0,1,9,1379.6884062317695
Apple(Fuji),2022-09-19,265.0,0,1,9,1280.7786910345808
Apple(Fuji),2022-09-20,275.0,0,1,9,2497.145545229845
Apple(Fuji),2022-09-21,275.0,0,1,9,1302.6079461897552
Apple(Fuji),2022-09-22,265.0,0,1,9,2347.4092561469743
Apple(Fuji),2022-09-23,265.0,0,1,9,1320.3772051768651
Apple(Fuji),2022-09-24,265.0,0,1,9,1867.405737577027
Apple(Fuji),2022-09-25,265.0,0,1,9,2349.0481020386296
Apple(Fuji),2022-09-26,275.0,1,1,9,3049.6820918019134
Apple(Fuji),2022-09-27,275.0,1,1,9,4156.356364171117
Apple(Fuji),2022-09-28,283.33,1,1,9,5632.55524343765
Apple(Fuji),2022-09-29,270.0,1,1,9,6699.046967299436
Apple(Fuji),2022-09-30,270.0,1,1,9,3603.0477852928593
Apple(Fuji),2022-10-01,265.0,1,1,10,5386.3758598244085
Apple(Fuji),2022-10-02,275.0,1,1,10,5214.567372826861
Apple(Fuji),2022-10-03,275.0,1,1,10,7440.490524680977
Apple(Fuji),2022-10-04,275.0,1,1,10,5932.660493143896
Apple(Fuji),2022-10-05,265.0,1,1,10,2541.7206022761607
Apple(Fuji),2022-10-06,275.0,1,1,10,6329.687432154298
Apple(Fuji),2022-10-07,275.0,1,1,10,6180.194502953289
Apple(Fuji),2022-10-08,275.0,1,1,10,4988.996370349551
Apple(Fuji),2022-10-09,275.0,1,1,10,4098.736501623994
Apple(Fuji),2022-10-10,290.0,0,1,10,2170.5238089630243
Apple(Fuji),2022-10-11,260.0,0,1,10,1527.209854942227
Apple(Fuji),2022-10-12,265.0,0,1,10,2263.711892312306
Apple(Fuji),2022-10-14,265.0,0,1,10,2046.2545566755148
Apple(Fuji),2022-10-15,275.0,0,1,10,2122.392642537392
Apple(Fuji),2022-10-16,275.0,0,1,10,1828.913684782788
Apple(Fuji),2022-10-17,275.0,0,1,10,2423.7354348363124
Apple(Fuji),2022-10-18,258.33,0,1,10,1953.3279479798725
Apple(Fuji),2022-10-19,275.0,0,1,10,2333.302254228594
Apple(Fuji),2022-10-20,275.0,0,1,10,1786.840164340508
Apple(Fuji),2022-10-21,275.0,0,1,10,1731.4103601766246
Apple(Fuji),2022-10-22,275.0,0,1,10,1900.6743436423571
Apple(Fuji),2022-10-23,275.0,1,1,10,2583.303576046076
Apple(Fuji),2022-10-24,275.0,1,1,10,3829.990876699746
Apple(Fuji),2022-10-25,275.0,1,1,10,6167.33050232142
Apple(Fuji),2022-10-26,275.0,1,1,10,3738.12800941778
Apple(Fuji),2022-10-27,275.0,1,1,10,4224.16055580391
Apple(Fuji),2022-10-28,275.0,0,1,10,1178.8230698554664
Apple(Fuji),2022-10-29,283.33,0,1,10,886.6341734939438
Apple(Fuji),2022-10-30,275.0,0,1,10,2358.0315654567253
Apple(Fuji),2022-10-31,275.0,0,1,10,1296.883716593209
Apple(Fuji),2022-11-01,275.0,0,1,11,1669.9554455262505
Apple(Fuji),2022-11-02,265.0,0,1,11,2042.5969076095691
Apple(Fuji),2022-11-03,265.0,0,1,11,1784.4447614756666
Apple(Fuji),2022-11-04,270.0,0,1,11,2034.6972355745058
Apple(Fuji),2022-11-05,270.0,0,1,11,2877.2920840883294
Apple(Fuji),2022-11-06,265.0,0,1,11,2319.9579045176865
Apple(Fuji),2022-11-07,265.0,0,1,11,982.4440185058926
Apple(Fuji),2022-11-08,265.0,0,1,11,1494.7094824372077
Apple(Fuji),2022-11-09,246.67,0,1,11,792.3218544201509
Apple(Fuji),2022-11-10,246.67,0,1,11,2955.838201650328
Apple(Fuji),2022-11-11,235.0,0,1,11,1730.4308069256813
Apple(Fuji),2022-11-12,243.33,0,1,11,1362.0023628530591
Apple(Fuji),2022-11-13,240.0,0,1,11,883.0785308680855
Apple(Fuji),2022-11-14,240.0,0,1,11,2040.2404994863246
Apple(Fuji),2022-11-15,246.67,0,1,11,1034.8272164146956
Apple(Fuji),2022-11-16,240.0,0,1,11,1484.0385375690046
Apple(Fuji),2022-11-17,240.0,0,1,11,1678.2393093862245
Apple(Fuji),2022-11-18,240.0,0,1,11,2965.487909287391
Apple(Fuji),2022-11-19,235.0,0,1,11,1840.7062723037866
Apple(Fuji),2022-11-21,240.0,0,1,11,2504.9363301205494
Apple(Fuji),2022-11-22,240.0,0,1,11,2139.645503694493
Apple(Fuji),2022-11-23,240.0,0,1,11,1811.9773624850293
Apple(Fuji),2022-11-26,240.0,0,1,11,1449.0716100328762
Apple(Fuji),2022-11-27,235.0,0,1,11,1879.780738860754
Apple(Fuji),2022-11-28,260.0,0,1,11,1050.3121555335806
Apple(Fuji),2022-11-29,240.0,0,1,11,1191.5379333477517
Apple(Fuji),2022-11-30,240.0,0,1,11,1208.7870593477996
Apple(Fuji),2022-12-01,270.0,0,0,12,1429.8237871122353
Apple(Fuji),2022-12-02,265.0,0,0,12,1037.5303890100326
Apple(Fuji),2022-12-03,250.0,0,0,12,1135.8645659371855
Apple(Fuji),2022-12-04,250.0,0,0,12,824.9718140877179
Apple(Fuji),2022-12-05,252.5,0,0,12,785.1934281409118
Apple(Fuji),2022-12-06,250.0,0,0,12,753.4813304914046
Apple(Fuji),2022-12-07,250.0,0,0,12,507.665184654376
Apple(Fuji),2022-12-08,250.0,0,0,12,1223.2418299933645
Apple(Fuji),2022-12-09,250.0,0,0,12,276.37980888849916
Apple(Fuji),2022-12-10,250.0,0,0,12,455.1791685509251
Apple(Fuji),2022-12-11,250.0,0,0,12,1506.5432993191666
Apple(Fuji),2022-12-12,260.0,0,0,12,500.0141938850497
Apple(Fuji),2022-12-13,270.0,0,0,12,595.5923980835892
Apple(Fuji),2022-12-14,260.0,0,0,12,874.0978029646966
Apple(Fuji),2022-12-15,260.0,0,0,12,1772.3462434865799
Apple(Fuji),2022-12-16,236.67,0,0,12,797.8615423993178
Apple(Fuji),2022-12-17,240.0,0,0,12,407.5267314829791
Apple(Fuji),2022-12-18,235.0,0,0,12,846.3590420907748
Apple(Fuji),2022-12-19,240.0,0,0,12,1350.8949865354234
Apple(Fuji),2022-12-20,250.0,0,0,12,364.33183068369755
Apple(Fuji),2022-12-21,250.0,0,0,12,1832.8035328240835
Apple(Fuji),2022-12-22,250.0,0,0,12,1001.6615082958267
Apple(Fuji),2022-12-23,250.0,0,0,12,778.7122307453698
Apple(Fuji),2022-12-24,250.0,0,0,12,494.74412296218975
Apple(Fuji),2022-12-25,250.0,0,0,12,498.0709605255628
Apple(Fuji),2022-12-26,250.0,0,0,12,974.7710392897687
Apple(Fuji),2022-12-27,260.0,0,0,12,578.70062618571
Apple(Fuji),2022-12-28,260.0,0,0,12,624.7867747894436
Apple(Fuji),2022-12-29,260.0,0,0,12,1604.4273103742642
Apple(Fuji),2022-12-30,260.0,0,0,12,1501.9776604684482
Apple(Fuji),2022-12-31,260.0,0,0,12,1783.5567416835806
Apple(Fuji),2023-01-01,260.0,0,0,1,721.430959504222
Apple(Fuji),2023-01-02,260.0,0,0,1,838.7545209041674
Apple(Fuji),2023-01-03,260.0,0,0,1,1793.7773051715653
Apple(Fuji),2023-01-04,260.0,0,0,1,998.6730268048394
Apple(Fuji),2023-01-05,260.0,0,0,1,932.1258672002252
Apple(Fuji),2023-01-06,260.0,0,0,1,1871.7912287570898
Apple(Fuji),2023-01-07,260.0,0,0,1,1052.1262306665963
Apple(Fuji),2023-01-08,260.0,0,0,1,1223.0203393891009
Apple(Fuji),2023-01-09,260.0,0,0,1,1551.7174192032423
Apple(Fuji),2023-01-10,260.0,0,0,1,1491.5132812899133
Apple(Fuji),2023-01-11,275.0,0,0,1,996.2961860989459
Apple(Fuji),2023-01-12,276.67,0,0,1,1265.5966374540576
Apple(Fuji),2023-01-13,275.0,0,0,1,1318.3831339330575
Apple(Fuji),2023-01-14,275.0,0,0,1,1698.018966017418
Apple(Fuji),2023-01-15,275.0,0,0,1,1540.8380387741418
Apple(Fuji),2023-01-16,275.0,0,0,1,753.4014933738824
Apple(Fuji),2023-01-17,275.0,0,0,1,1184.5017415992047
Apple(Fuji),2023-01-18,275.0,0,0,1,837.8182778593433
Apple(Fuji),2023-01-19,275.0,0,0,1,992.8601489066803
Apple(Fuji),2023-01-20,275.0,0,0,1,1429.1473963382643
Apple(Fuji),2023-01-21,275.0,0,0,1,1034.883121438099
Apple(Fuji),2023-01-22,275.0,0,0,1,1363.095064226796
Apple(Fuji),2023-01-23,275.0,0,0,1,856.988089093525
Apple(Fuji),2023-01-24,275.0,0,0,1,1154.9337537205454
Apple(Fuji),2023-01-25,275.0,0,0,1,1897.6945108295563
Apple(Fuji),2023-01-26,275.0,0,0,1,1437.3257775188183
Apple(Fuji),2023-01-27,275.0,0,0,1,543.2183440763031
Apple(Fuji),2023-01-28,275.0,0,0,1,593.7009893281161
Apple(Fuji),2023-01-29,275.0,0,0,1,1201.86138501141
Apple(Fuji),2023-01-30,276.67,0,0,1,1002.2059074215974
Apple(Fuji),2023-01-31,275.0,0,0,1,880.4094800166301
Apple(Fuji),2023-02-01,283.33,0,0,2,1920.7690917041987
Apple(Fuji),2023-02-02,275.0,0,0,2,1143.5386102979896
Apple(Fuji),2023-02-03,275.0,0,0,2,1931.27784510165
Apple(Fuji),2023-02-04,275.0,0,0,2,1195.8559020602972
Apple(Fuji),2023-02-05,275.0,0,0,2,1351.773477779047
Apple(Fuji),2023-02-06,275.0,0,0,2,2601.5823065661593
Apple(Fuji),2023-02-07,275.0,0,0,2,2076.5257572981873
Apple(Fuji),2023-02-08,275.0,0,0,2,2504.3393658818923
Apple(Fuji),2023-02-09,275.0,0,0,2,1252.9686444728668
Apple(Fuji),2023-02-10,283.33,0,0,2,1734.2256624749784
Apple(Fuji),2023-02-11,275.0,0,0,2,1228.3433949932867
Apple(Fuji),2023-02-12,276.67,0,0,2,1800.021914577452
Apple(Fuji),2023-02-13,283.33,0,0,2,1859.1528717496142
Apple(Fuji),2023-02-14,275.0,0,0,2,1214.303026954841
Apple(Fuji),2023-02-15,283.33,0,0,2,901.5463520478411
Apple(Fuji),2023-02-16,275.0,0,0,2,2273.433821900904
Apple(Fuji),2023-02-17,283.33,0,0,2,1834.5477580040001
Apple(Fuji),2023-02-18,275.0,0,0,2,1127.2034890170578
Apple(Fuji),2023-02-19,275.0,0,0,2,1334.7900811419697
Apple(Fuji),2023-02-20,275.0,0,0,2,2175.0989186769552
Apple(Fuji),2023-02-21,275.0,0,0,2,1951.502233865635
Apple(Fuji),2023-02-22,275.0,0,0,2,1959.1879512515181
Apple(Fuji),2023-02-23,275.0,0,0,2,972.5750591568946
Apple(Fuji),2023-02-24,275.0,0,0,2,1689.429005521162
Apple(Fuji),2023-02-25,276.67,0,0,2,1016.0428252168609
Apple(Fuji),2023-02-26,275.0,0,0,2,2812.495362302739
Apple(Fuji),2023-02-27,275.0,0,0,2,2494.333950901969
Apple(Fuji),2023-02-28,275.0,0,0,2,1852.1061354265262
Apple(Fuji),2023-03-01,275.0,0,0,3,1631.983883353861
Apple(Fuji),2023-03-02,275.0,0,0,3,2120.300938678474
Apple(Fuji),2023-03-03,276.67,0,0,3,2556.3151301001913
Apple(Fuji),2023-03-05,275.0,0,0,3,2022.5354353915927
Apple(Fuji),2023-03-06,275.0,0,0,3,1351.9887776209332
Apple(Fuji),2023-03-07,275.0,0,0,3,2328.875047059491
Apple(Fuji),2023-03-08,275.0,0,0,3,2766.087886331556
Apple(Fuji),2023-03-09,275.0,0,0,3,1754.4799459572396
Apple(Fuji),2023-03-10,275.0,0,0,3,1120.3250076735926
Apple(Fuji),2023-03-11,275.0,0,0,3,1054.915421131889
Apple(Fuji),2023-03-12,275.0,0,0,3,1156.2425329356167
Apple(Fuji),2023-03-13,275.0,0,0,3,1507.6805570715921
Apple(Fuji),2023-03-14,275.0,0,0,3,2996.7150044344926
Apple(Fuji),2023-03-15,276.67,0,0,3,1672.8249341647133
Apple(Fuji),2023-03-16,275.0,0,0,3,1693.127707181402
Apple(Fuji),2023-03-17,276.67,0,0,3,2065.334093044831
Apple(Fuji),2023-03-18,276.67,0,0,3,1532.8163406372262
Apple(Fuji),2023-03-19,275.0,0,0,3,1381.0789990201692
Apple(Fuji),2023-03-20,275.0,0,0,3,1568.732743711986
Apple(Fuji),2023-03-21,275.0,0,0,3,2541.245068403626
Apple(Fuji),2023-03-22,275.0,0,0,3,1479.1851491349773
Apple(Fuji),2023-03-23,275.0,0,0,3,2343.0498694801286
Apple(Fuji),2023-03-24,275.0,0,0,3,1925.8251854241544
Apple(Fuji),2023-03-25,275.0,0,0,3,1615.3383664391413
Apple(Fuji),2023-03-26,275.0,0,0,3,1518.5029735425387
Apple(Fuji),2023-03-27,275.0,0,0,3,2553.477649320912
Apple(Fuji),2023-03-28,275.0,0,0,3,2149.4084321880946
Apple(Fuji),2023-03-29,275.0,0,0,3,1237.2840609141335
Apple(Fuji),2023-03-30,275.0,0,0,3,1594.768470823328
Apple(Fuji),2023-03-31,275.0,0,0,3,1669.1693682045343
Apple(Fuji),2023-04-01,275.0,0,0,4,3685.460199861596
Apple(Fuji),2023-04-02,265.0,0,0,4,1706.6773310035867
Apple(Fuji),2023-04-03,275.0,0,0,4,1806.576254931262
Apple(Fuji),2023-04-04,275.0,0,0,4,2142.386506679785
Apple(Fuji),2023-04-05,275.0,0,0,4,2375.737863011196
Apple(Fuji),2023-04-06,290.0,0,0,4,1842.3693785933406
Apple(Fuji),2023-04-07,275.0,0,0,4,3180.1940195663874
Apple(Fuji),2023-04-08,275.0,0,0,4,2323.8178644705486
Apple(Fuji),2023-04-09,265.0,0,0,4,1930.4284993727338
Apple(Fuji),2023-04-10,260.0,0,0,4,2876.476011501115
Apple(Fuji),2023-04-11,242.5,0,0,4,1425.9215908267474
Apple(Fuji),2023-04-12,237.5,0,0,4,2608.999139060401
Apple(Fuji),2023-04-13,237.5,0,0,4,1452.6075527896855
Apple(Fuji),2023-04-14,237.5,0,0,4,2249.049971774249
Apple(Fuji),2023-04-15,265.0,0,0,4,1280.1151323571316
Apple(Fuji),2023-04-16,237.5,0,0,4,1302.8146634227387
Apple(Fuji),2023-04-17,237.5,0,0,4,1571.9238077485697
Apple(Fuji),2023-04-18,237.5,0,0,4,1071.5751317524134
Apple(Fuji),2023-04-19,265.0,0,0,4,1778.5260473418168
Apple(Fuji),2023-04-20,265.0,0,0,4,1577.1296908541728
Apple(Fuji),2023-04-21,265.0,0,0,4,1488.5167917041865
Apple(Fuji),2023-04-22,265.0,0,0,4,1457.0416355905556
Apple(Fuji),2023-04-23,237.5,0,0,4,2069.7082244341286
Apple(Fuji),2023-04-24,237.5,0,0,4,775.2635379859965
Apple(Fuji),2023-04-25,237.5,0,0,4,2930.683714225466
Apple(Fuji),2023-04-26,237.5,0,0,4,566.5149161078965
Apple(Fuji),2023-04-27,237.5,0,0,4,1747.3620318028902
Apple(Fuji),2023-04-28,237.5,0,0,4,2597.776432703298
Apple(Fuji),2023-04-29,237.5,0,0,4,1326.8534386711542
Apple(Fuji),2023-04-30,265.0,0,0,4,1915.1919558122045
Apple(Fuji),2023-05-01,265.0,0,0,5,1265.8943371315054
Apple(Fuji),2023-05-02,275.0,0,0,5,2833.9544627317155
Apple(Fuji),2023-05-03,275.0,0,0,5,2578.771336598325
Apple(Fuji),2023-05-04,275.0,0,0,5,2243.107596056376
Apple(Fuji),2023-05-05,275.0,0,0,5,2904.40495940241
Apple(Fuji),2023-05-06,275.0,0,0,5,1405.47886684983
Apple(Fuji),2023-05-07,275.0,0,0,5,2012.8125249579055
Apple(Fuji),2023-05-08,275.0,0,0,5,1695.1888081674188
Apple(Fuji),2023-05-09,283.33,0,0,5,2150.514265946476
Apple(Fuji),2023-05-10,275.0,0,0,5,1326.1891819598723
Apple(Fuji),2023-05-11,283.33,0,0,5,3114.0584546610485
Apple(Fuji),2023-05-12,275.0,0,0,5,2492.1560057610886
Apple(Fuji),2023-05-13,275.0,0,0,5,1593.5550789069557
Apple(Fuji),2023-05-14,275.0,0,0,5,2501.819220545984
Apple(Fuji),2023-05-15,275.0,0,0,5,1016.9152772879119
Apple(Fuji),2023-05-16,283.33,0,0,5,1982.4289707121522
Apple(Fuji),2023-05-17,283.33,0,0,5,1226.6785534106227
Apple(Fuji),2023-05-18,283.33,0,0,5,2729.136874110303
Apple(Fuji),2023-05-19,283.33,0,0,5,2432.044246145484
Apple(Fuji),2023-05-20,275.0,0,0,5,2813.6981565125698
Apple(Fuji),2023-05-21,275.0,0,0,5,2621.655008230896
Apple(Fuji),2023-05-22,275.0,0,0,5,1819.5485416862548
Apple(Fuji),2023-05-23,275.0,0,0,5,2038.8951641157885
Apple(Fuji),2023-05-24,275.0,0,0,5,3619.28262360531
Apple(Fuji),2023-05-25,276.67,0,0,5,1053.9019852714719
Apple(Fuji),2023-05-26,273.33,0,0,5,2841.090752615138
Apple(Fuji),2023-05-27,280.0,0,0,5,1372.2685360010778
Apple(Fuji),2023-05-28,280.0,0,0,5,2465.79273038248
Apple(Fuji),2023-05-29,266.67,0,0,5,3950.0073156493236
Apple(Fuji),2023-05-30,293.33,0,0,5,1375.9897609609573
Apple(Fuji),2023-05-31,293.33,0,0,5,4598.216838204659
Apple(Fuji),2023-06-01,300.0,0,0,6,3113.0240980183726
Apple(Fuji),2023-06-02,300.0,0,0,6,2364.9604614129935
Apple(Fuji),2023-06-03,304.0,0,0,6,882.9462407635559
Apple(Fuji),2023-06-04,300.0,0,0,6,2304.006062984674
Apple(Fuji),2023-06-05,300.0,0,0,6,2082.732619904838
Apple(Fuji),2023-06-06,300.0,0,0,6,3323.876200563635
Apple(Fuji),2023-06-07,300.0,0,0,6,3628.4176567764016
Apple(Fuji),2023-06-08,300.0,0,0,6,1188.4585750221092
Apple(Fuji),2023-06-09,300.0,0,0,6,2754.171730050835
Apple(Fuji),2023-06-10,300.0,0,0,6,2802.710231888561
Apple(Fuji),2023-06-11,300.0,0,0,6,1328.1875605152115
Apple(Fuji),2023-06-12,325.0,0,0,6,4287.956974329539
Apple(Fuji),2023-06-13,300.0,0,0,6,1095.2235764714271
Apple(Fuji),2023-06-15,300.0,0,0,6,2602.576411833081
Apple(Fuji),2023-06-16,293.33,0,0,6,1817.2378635160294
Apple(Fuji),2023-06-17,313.33,0,0,6,2972.788777040403
Apple(Fuji),2023-06-18,310.0,0,0,6,1865.2131590599063
Apple(Fuji),2023-06-19,293.33,0,0,6,1783.2717064784943
Apple(Fuji),2023-06-20,290.0,0,0,6,1077.5409092718546
Apple(Fuji),2023-06-21,293.33,0,0,6,1166.5959154530326
Apple(Fuji),2023-06-22,325.0,0,0,6,3885.315474712038
Apple(Fuji),2023-06-23,325.0,0,0,6,1587.4812730915726
Apple(Fuji),2023-06-24,325.0,0,0,6,3068.7243149654164
Apple(Fuji),2023-06-25,325.0,0,0,6,2851.1710720644387
Apple(Fuji),2023-06-26,325.0,0,0,6,1952.0816657067749
Apple(Fuji),2023-06-27,325.0,0,0,6,1662.4886222913901
Apple(Fuji),2023-06-28,325.0,0,0,6,3212.7776356729246
Apple(Fuji),2023-06-29,333.33,0,0,6,1731.6874165278314
Apple(Fuji),2023-06-30,325.0,0,0,6,3009.270694842647
Apple(Fuji),2023-07-01,325.0,0,0,7,2842.0957757182055
Apple(Fuji),2023-07-02,325.0,0,0,7,2934.2053449629902
Apple(Fuji),2023-07-03,333.33,0,0,7,3408.620761668916
Apple(Fuji),2023-07-04,325.0,0,0,7,1500.1202628166075
Apple(Fuji),2023-07-05,325.0,0,0,7,2507.919680135752
Apple(Fuji),2023-07-06,325.0,0,0,7,3169.40743923281
Apple(Fuji),2023-07-07,333.33,0,0,7,1576.6836858467796
Apple(Fuji),2023-07-08,325.0,0,0,7,1772.4643591623299
Apple(Fuji),2023-07-09,325.0,0,0,7,2978.915529578491
Apple(Fuji),2023-07-10,325.0,0,0,7,2210.418164612624
Apple(Fuji),2023-07-11,325.0,0,0,7,2295.861076226465
Apple(Fuji),2023-07-12,325.0,0,0,7,2393.108330163894
Apple(Fuji),2023-07-13,333.33,0,0,7,1677.3719436046729
Apple(Fuji),2023-07-14,333.33,0,0,7,2987.878348917279
Apple(Fuji),2023-07-15,333.33,0,0,7,881.7876046171784
Apple(Fuji),2023-07-16,325.0,0,0,7,3539.90018517538
Apple(Fuji),2023-07-17,325.0,0,0,7,2045.4061451460648
Apple(Fuji),2023-07-18,335.0,0,0,7,1939.770682644432
Apple(Fuji),2023-07-19,375.0,0,0,7,2564.177251408827
Apple(Fuji),2023-07-20,375.0,0,0,7,2271.1621408339456
Apple(Fuji),2023-07-21,356.67,0,0,7,1527.6683891610448
Apple(Fuji),2023-07-22,375.0,0,0,7,2537.942093752824
Apple(Fuji),2023-07-23,375.0,0,0,7,1097.3668846589642
Apple(Fuji),2023-07-24,375.0,0,0,7,1823.1086837247437
Apple(Fuji),2023-07-25,383.33,0,0,7,1860.1926804719683
Apple(Fuji),2023-07-26,375.0,0,0,7,3695.2811733689177
Apple(Fuji),2023-07-27,376.67,0,0,7,2643.2234337635623
Apple(Fuji),2023-07-28,375.0,0,0,7,1943.5028916782508
Apple(Fuji),2023-07-29,375.0,0,0,7,1913.7681254405575
Apple(Fuji),2023-07-30,375.0,0,0,7,1552.991924193481
Apple(Fuji),2023-07-31,383.33,0,0,7,1414.1841995654763
Apple(Fuji),2023-08-01,375.0,0,0,8,2268.181740020387
Apple(Fuji),2023-08-02,340.0,0,0,8,654.9079099998766
Apple(Fuji),2023-08-03,343.33,0,0,8,2158.902836998198
Apple(Fuji),2023-08-04,335.0,0,0,8,1058.663610170295
Apple(Fuji),2023-08-05,335.0,0,0,8,1480.6355288282718
Apple(Fuji),2023-08-06,335.0,0,0,8,1998.483021751899
Apple(Fuji),2023-08-07,335.0,0,0,8,1348.8639073278957
Apple(Fuji),2023-08-08,335.0,0,0,8,1961.1719156077604
Apple(Fuji),2023-08-09,335.0,0,0,8,539.2479073664355
Apple(Fuji),2023-08-10,340.0,0,0,8,1023.0460035751471
Apple(Fuji),2023-08-11,340.0,0,0,8,2769.405188013378
Apple(Fuji),2023-08-12,340.0,0,0,8,1897.1233334919466
Apple(Fuji),2023-08-13,335.0,0,0,8,1966.0074973496644
Apple(Fuji),2023-08-14,365.0,0,0,8,1725.9610506484737
Apple(Fuji),2023-08-15,370.0,0,0,8,2006.8510364675442
Apple(Fuji),2023-08-16,370.0,0,0,8,802.3498761755716
Apple(Fuji),2023-08-17,370.0,0,0,8,1222.3325066598002
Apple(Fuji),2023-08-18,365.0,0,0,8,1656.9776027871635
Apple(Fuji),2023-08-19,370.0,0,0,8,964.0486635259984
Apple(Fuji),2023-08-20,365.0,0,0,8,2525.3917115763466
Apple(Fuji),2023-08-21,365.0,0,0,8,1119.6677209535262
Apple(Fuji),2023-08-22,370.0,0,0,8,1583.1661191887908
Apple(Fuji),2023-08-23,365.0,0,0,8,1512.8861508902514
Apple(Fuji),2023-08-24,365.0,0,0,8,1162.5418934080005
Apple(Fuji),2023-08-25,365.0,0,0,8,1609.20455420214
Apple(Fuji),2023-08-26,365.0,0,0,8,1782.4246547577736
Apple(Fuji),2023-08-27,365.0,0,0,8,1791.5697744930887
Apple(Fuji),2023-08-28,365.0,0,0,8,2153.448467148628
Apple(Fuji),2023-08-29,340.0,0,0,8,1554.120822896726
Apple(Fuji),2023-08-30,335.0,0,0,8,1999.8149207964163
Apple(Fuji),2023-08-31,340.0,0,0,8,1197.346808108369
Apple(Fuji),2023-09-01,335.0,0,1,9,2848.754485990997
Apple(Fuji),2023-09-02,335.0,0,1,9,2672.325294255441
Apple(Fuji),2023-09-03,335.0,0,1,9,2168.465738646819
Apple(Fuji),2023-09-04,335.0,0,1,9,2471.438603340376
Apple(Fuji),2023-09-05,335.0,0,1,9,2882.792162690464
Apple(Fuji),2023-09-06,340.0,0,1,9,3157.1092649711386
Apple(Fuji),2023-09-07,335.0,0,1,9,1451.977845424235
Apple(Fuji),2023-09-08,335.0,0,1,9,2839.6535351931116
Apple(Fuji),2023-09-09,335.0,0,1,9,1559.6517619157783
Apple(Fuji),2023-09-10,335.0,0,1,9,2857.531422099671
Apple(Fuji),2023-09-11,335.0,0,1,9,3348.4434782130156
Apple(Fuji),2023-09-12,335.0,0,1,9,2316.549378371952
Apple(Fuji),2023-09-13,335.0,0,1,9,2893.450383769364
Apple(Fuji),2023-09-14,335.0,0,1,9,2570.166498196537
Apple(Fuji),2023-09-15,340.0,0,1,9,3354.348873792674
Apple(Fuji),2023-09-16,335.0,0,1,9,3179.650079475837
Apple(Fuji),2023-09-17,265.0,0,1,9,1852.3039265603015
Apple(Fuji),2023-09-18,335.0,0,1,9,1092.1114511366156
Apple(Fuji),2023-09-19,335.0,0,1,9,5056.604945505707
Apple(Fuji),2023-09-20,335.0,0,1,9,2123.3292933582225
Apple(Fuji),2023-09-21,335.0,0,1,9,3441.480680816227
Apple(Fuji),2023-09-22,335.0,0,1,9,3809.7677407990045
Apple(Fuji),2023-09-23,335.0,0,1,9,2440.3993574327383
Apple(Fuji),2023-09-24,335.0,0,1,9,3124.6967730485785
Apple(Fuji),2023-09-25,335.0,0,1,9,3491.4339819570228
Apple(Fuji),2023-09-26,335.0,0,1,9,3273.517398331658
Apple(Fuji),2023-09-27,335.0,0,1,9,1257.0674273184127
Apple(Fuji),2023-09-28,335.0,0,1,9,2451.235466638245
